state,year,quarter,brand,total_users,total_transaction_amount
maharashtra,2022,1,Xiaomi,11340940,0.23515441252244823
maharashtra,2021,4,Xiaomi,10876133,0.23912783081917255
maharashtra,2021,3,Xiaomi,10369008,0.24351131157195435
maharashtra,2022,1,Vivo,9873983,0.20473705633057232
maharashtra,2021,2,Xiaomi,9764252,0.24616983712241644
maharashtra,2022,1,Samsung,9447206,0.19588783442188637
uttar-pradesh,2022,1,Xiaomi,9273651,0.2377878009908386
maharashtra,2021,1,Xiaomi,9195320,0.24800244956939832
maharashtra,2021,4,Vivo,9147706,0.20112581307635072
maharashtra,2021,4,Samsung,9133368,0.20081057099184466
uttar-pradesh,2021,4,Xiaomi,8926080,0.24376438087037522
maharashtra,2021,3,Samsung,8810154,0.20690235321362468
maharashtra,2020,4,Xiaomi,8584570,0.24931495940580317
uttar-pradesh,2021,3,Xiaomi,8522940,0.24955989248264562
maharashtra,2021,2,Samsung,8511194,0.21457857096450278
maharashtra,2021,3,Vivo,8354641,0.19620484308844438
maharashtra,2021,1,Samsung,8088910,0.21816201006016123
uttar-pradesh,2021,2,Xiaomi,8037309,0.2539282167443124
maharashtra,2020,3,Xiaomi,7895486,0.2513724424826326
karnataka,2022,1,Xiaomi,7620184,0.24423393469092286
uttar-pradesh,2021,1,Xiaomi,7599834,0.25777812450446586
maharashtra,2020,4,Samsung,7578573,0.2200985745178752
uttar-pradesh,2022,1,Vivo,7577324,0.19429189338213235
maharashtra,2021,2,Vivo,7509629,0.18932777930964656
karnataka,2021,4,Xiaomi,7306532,0.248018323098655
maharashtra,2020,2,Xiaomi,7291300,0.25347742746188906
uttar-pradesh,2020,4,Xiaomi,7082855,0.25992954491691367
uttar-pradesh,2021,4,Vivo,7025228,0.19185357445745774
maharashtra,2022,1,Oppo,7009300,0.1453378488638152
karnataka,2021,3,Xiaomi,6973776,0.25254291982381105
maharashtra,2020,3,Samsung,6914730,0.2201476348901048
karnataka,2022,1,Vivo,6902224,0.22122265363121418
maharashtra,2021,1,Vivo,6831786,0.18425673744186405
maharashtra,2020,1,Xiaomi,6677147,0.2551607874997277
uttar-pradesh,2022,1,Samsung,6602107,0.16928613179816906
karnataka,2021,2,Xiaomi,6567268,0.2550294021328784
uttar-pradesh,2020,3,Xiaomi,6521651,0.26256625099906933
maharashtra,2021,4,Oppo,6511923,0.14317423494650888
uttar-pradesh,2021,3,Vivo,6444391,0.1886979757074588
karnataka,2021,4,Vivo,6391484,0.21695725739542152
maharashtra,2020,2,Samsung,6335245,0.22024078078542855
uttar-pradesh,2021,4,Samsung,6308300,0.17227482207694622
rajasthan,2022,1,Vivo,6252325,0.2672064280746705
maharashtra,2020,4,Vivo,6188503,0.17972785756627194
karnataka,2021,1,Xiaomi,6173033,0.2561867546221272
maharashtra,2019,4,Xiaomi,6103857,0.2570554076455645
uttar-pradesh,2021,3,Samsung,6016111,0.17615752478882424
maharashtra,2021,3,Oppo,6005730,0.14104176496411552
uttar-pradesh,2020,2,Xiaomi,5953474,0.26461626207485034
karnataka,2021,3,Vivo,5824764,0.21093348966824013
uttar-pradesh,2021,2,Vivo,5805913,0.1834301922027162
maharashtra,2020,1,Samsung,5772343,0.2205845678698613
uttar-pradesh,2021,2,Samsung,5762770,0.1820671458080834
karnataka,2020,4,Xiaomi,5759174,0.2571038931737251
rajasthan,2021,4,Vivo,5751824,0.26171775642777456
andhra-pradesh,2022,1,Xiaomi,5743382,0.24073240824411116
karnataka,2022,1,Samsung,5641275,0.1808080736532787
west-bengal,2022,1,Xiaomi,5586240,0.2548491917371277
maharashtra,2020,3,Vivo,5536849,0.17627936478989661
andhra-pradesh,2021,4,Xiaomi,5518238,0.24537466690980744
maharashtra,2019,3,Xiaomi,5512362,0.2586375006035026
telangana,2022,1,Xiaomi,5509008,0.24870680773966877
maharashtra,2021,2,Oppo,5487836,0.13835567683776837
karnataka,2021,4,Samsung,5458878,0.18530018996154943
uttar-pradesh,2021,1,Samsung,5451884,0.18492199073504834
uttar-pradesh,2020,1,Xiaomi,5356063,0.2659910064711136
west-bengal,2021,4,Xiaomi,5313832,0.2573966456097541
uttar-pradesh,2021,1,Vivo,5294031,0.17956778822386144
karnataka,2020,3,Xiaomi,5287266,0.2580721462546766
telangana,2021,4,Xiaomi,5285587,0.2526855192952133
karnataka,2021,3,Samsung,5266120,0.19070318876639686
maharashtra,2019,4,Samsung,5262077,0.22160501930129575
andhra-pradesh,2021,3,Xiaomi,5256707,0.249607429247758
karnataka,2021,2,Vivo,5226819,0.20297519830571392
rajasthan,2021,3,Vivo,5212563,0.2542780018893176
uttar-pradesh,2022,1,Oppo,5167492,0.1325008412886953
uttar-pradesh,2020,4,Samsung,5086075,0.1866508858593451
karnataka,2021,2,Samsung,5073030,0.19700304721874545
maharashtra,2021,1,Oppo,5069410,0.13672456182836523
telangana,2021,3,Xiaomi,5040723,0.256979432052913
west-bengal,2021,3,Xiaomi,4999610,0.25873508625192887
gujarat,2022,1,Vivo,4996272,0.259340283786706
tamil-nadu,2022,1,Xiaomi,4978558,0.2297758528860914
maharashtra,2020,2,Vivo,4942835,0.17183452884514233
andhra-pradesh,2021,2,Xiaomi,4937684,0.25165424326757607
maharashtra,2019,2,Xiaomi,4892831,0.26057610451097685
bihar,2022,1,Xiaomi,4888198,0.26444622345731256
karnataka,2020,2,Xiaomi,4835717,0.2592131936730697
tamil-nadu,2022,1,Vivo,4823657,0.2226266925493215
karnataka,2021,1,Samsung,4808995,0.1995778772029951
uttar-pradesh,2021,4,Oppo,4798699,0.13104877961191125
uttar-pradesh,2019,4,Xiaomi,4790187,0.26686959477851857
andhra-pradesh,2022,1,Vivo,4772765,0.20004924144575534
uttar-pradesh,2020,4,Vivo,4769619,0.17503745256638248
karnataka,2021,1,Vivo,4760972,0.1975848769197926
maharashtra,2019,3,Samsung,4737873,0.22229883140781007
tamil-nadu,2021,4,Xiaomi,4737458,0.23185166529944343
telangana,2021,2,Xiaomi,4736356,0.25872000034959536
bihar,2021,4,Xiaomi,4718889,0.27220201729570426
madhya-pradesh,2022,1,Xiaomi,4678482,0.23801622973210365
maharashtra,2020,4,Oppo,4665421,0.13549417702062908
west-bengal,2021,2,Xiaomi,4654760,0.2588857306229334
gujarat,2021,4,Vivo,4645259,0.25608950471412717
andhra-pradesh,2021,1,Xiaomi,4644641,0.2529246640647629
uttar-pradesh,2020,3,Samsung,4643207,0.18693877587172875
rajasthan,2022,1,Xiaomi,4620642,0.1974729791288523
rajasthan,2021,2,Vivo,4603263,0.24251971117410398
madhya-pradesh,2022,1,Vivo,4575284,0.23276606549594892
bihar,2021,3,Xiaomi,4521874,0.2798055860082418
karnataka,2020,4,Samsung,4507034,0.2012052402074233
madhya-pradesh,2021,4,Xiaomi,4500562,0.24385038710207707
telangana,2022,1,Vivo,4471684,0.20187631836086514
rajasthan,2021,4,Xiaomi,4469665,0.203377345305376
tamil-nadu,2021,3,Xiaomi,4464525,0.23340943691366958
telangana,2021,1,Xiaomi,4458631,0.2599925978488978
tamil-nadu,2021,4,Vivo,4457962,0.21817310328484968
uttar-pradesh,2021,3,Oppo,4436027,0.12989114333435564
karnataka,2020,1,Xiaomi,4413738,0.2593725796234114
maharashtra,2020,1,Vivo,4396537,0.16800945721154414
andhra-pradesh,2021,4,Vivo,4381023,0.19480712128567224
west-bengal,2021,1,Xiaomi,4357020,0.2592106669845954
andhra-pradesh,2020,4,Xiaomi,4325662,0.2533098430509883
karnataka,2020,4,Vivo,4315773,0.19266687208166433
madhya-pradesh,2021,3,Xiaomi,4290362,0.2492913373107732
rajasthan,2021,3,Xiaomi,4289230,0.20923619226160292
uttar-pradesh,2019,3,Xiaomi,4276054,0.2665103607710678
maharashtra,2019,1,Xiaomi,4274491,0.2624891069401111
bihar,2021,2,Xiaomi,4268361,0.285087015651877
gujarat,2021,3,Vivo,4261214,0.2514471054380244
uttar-pradesh,2020,3,Vivo,4251520,0.17116918207484014
madhya-pradesh,2021,4,Vivo,4248158,0.23017458103472088
west-bengal,2022,1,Samsung,4233598,0.1931404716660796
uttar-pradesh,2020,2,Samsung,4228987,0.1879673502064736
maharashtra,2020,3,Oppo,4210793,0.13406107251646976
maharashtra,2019,2,Samsung,4177428,0.22247609106365643
tamil-nadu,2021,2,Xiaomi,4159447,0.23361718599669679
telangana,2020,4,Xiaomi,4150153,0.2605603901154692
rajasthan,2021,1,Vivo,4143832,0.23463061845340447
telangana,2021,4,Vivo,4135644,0.19771074655665175
andhra-pradesh,2022,1,Samsung,4124296,0.17286882683261443
karnataka,2020,3,Samsung,4123920,0.20128907556052333
west-bengal,2021,4,Samsung,4083535,0.19780230372921598
rajasthan,2021,2,Xiaomi,4079016,0.2149001224119823
west-bengal,2020,4,Xiaomi,4070350,0.25988544442942585
tamil-nadu,2021,3,Vivo,4059800,0.21225004496158398
madhya-pradesh,2021,2,Xiaomi,4052668,0.2542302568826734
uttar-pradesh,2021,2,Oppo,4047089,0.12786245903641658
bihar,2021,1,Xiaomi,4036125,0.2894049656797565
andhra-pradesh,2021,4,Samsung,4017419,0.17863905996119264
telangana,2022,1,Samsung,4003841,0.18075532179426915
karnataka,2019,4,Xiaomi,3999086,0.2599270633956209
andhra-pradesh,2021,3,Vivo,3981492,0.18905561650868394
andhra-pradesh,2020,3,Xiaomi,3978789,0.25354870716120315
karnataka,2022,1,Oppo,3941299,0.12632227286944772
west-bengal,2021,3,Samsung,3933160,0.20354517489216892
uttar-pradesh,2022,1,Realme,3918711,0.10048056276957264
andhra-pradesh,2021,3,Samsung,3911188,0.18571732873540034
madhya-pradesh,2021,3,Vivo,3891058,0.22608979204407054
rajasthan,2022,1,Samsung,3887688,0.16614862854198392
tamil-nadu,2021,1,Xiaomi,3887022,0.23369888835232575
telangana,2021,4,Samsung,3885608,0.1857573955849436
karnataka,2020,3,Vivo,3885369,0.18964536999299575
rajasthan,2021,1,Xiaomi,3873176,0.21930562828292346
maharashtra,2019,4,Vivo,3869506,0.16295883770162992
gujarat,2022,1,Xiaomi,3842766,0.19946552648973176
gujarat,2021,2,Vivo,3834323,0.2436659652804614
madhya-pradesh,2021,1,Xiaomi,3826173,0.25783832488949876
uttar-pradesh,2020,1,Samsung,3822401,0.1898267979906493
telangana,2020,3,Xiaomi,3810161,0.26113301444011405
andhra-pradesh,2021,2,Samsung,3798250,0.19358179451967175
maharashtra,2020,2,Oppo,3797269,0.13200965225690617
uttar-pradesh,2019,2,Xiaomi,3793613,0.26498466892641415
west-bengal,2020,3,Xiaomi,3792457,0.2624834531461897
rajasthan,2021,4,Samsung,3782393,0.17210530257673384
west-bengal,2021,2,Samsung,3778434,0.21014674155069926
telangana,2021,3,Vivo,3776315,0.19251906600559013
tamil-nadu,2022,1,Samsung,3775700,0.1742602351407808
telangana,2021,3,Samsung,3769093,0.1921508836122537
bihar,2020,4,Xiaomi,3761975,0.2918559922382237
karnataka,2020,2,Samsung,3760784,0.20159261415723498
uttar-pradesh,2021,1,Oppo,3737603,0.12677543897435983
uttar-pradesh,2020,2,Vivo,3723388,0.16549480434689945
rajasthan,2020,4,Vivo,3720519,0.22784043400242532
gujarat,2021,4,Xiaomi,3700589,0.2040105845896961
rajasthan,2021,3,Samsung,3672997,0.17917526140316345
telangana,2021,2,Samsung,3662257,0.20004812398398852
west-bengal,2022,1,Vivo,3652204,0.16661676502604703
tamil-nadu,2021,2,Vivo,3648711,0.20493147198057665
karnataka,2021,4,Oppo,3645496,0.12374541092584751
tamil-nadu,2021,4,Samsung,3636646,0.17797781662751622
andhra-pradesh,2021,1,Samsung,3635596,0.19797695817075972
andhra-pradesh,2020,2,Xiaomi,3635594,0.25388802469329785
rajasthan,2020,4,Xiaomi,3613815,0.22130600005119572
maharashtra,2019,1,Samsung,3611915,0.22180145956409583
tamil-nadu,2020,4,Xiaomi,3595631,0.23412735569248969
rajasthan,2021,2,Samsung,3591961,0.18923996831565906
west-bengal,2021,1,Samsung,3588427,0.21348503245234832
andhra-pradesh,2021,2,Vivo,3572140,0.18205786124544204
madhya-pradesh,2020,4,Xiaomi,3563397,0.25938351632889545
karnataka,2019,3,Xiaomi,3553970,0.26064909800642827
gujarat,2021,3,Xiaomi,3544088,0.20913070055097843
maharashtra,2018,4,Xiaomi,3540182,0.26455591789383665
gujarat,2022,1,Samsung,3511762,0.1822841818202392
west-bengal,2020,2,Xiaomi,3510266,0.2654863227424671
telangana,2020,2,Xiaomi,3507179,0.2621564455164379
gujarat,2021,1,Vivo,3492512,0.2380696662046393
telangana,2021,1,Samsung,3491284,0.20358446280669815
tamil-nadu,2021,3,Samsung,3487967,0.18235409443187378
madhya-pradesh,2021,2,Vivo,3483187,0.21850581537406683
bihar,2020,3,Xiaomi,3459128,0.29406319514914847
uttar-pradesh,2019,4,Samsung,3450916,0.1922564932297437
karnataka,2020,2,Vivo,3448934,0.1848762441862572
uttar-pradesh,2021,4,Realme,3440284,0.09395151054866839
karnataka,2020,1,Samsung,3434923,0.2018526789124745
uttar-pradesh,2020,4,Oppo,3433564,0.12600635308263375
rajasthan,2021,1,Samsung,3430073,0.19421640388179937
andhra-pradesh,2020,4,Samsung,3419866,0.20026662270778695
telangana,2021,2,Vivo,3396906,0.1855535186771312
gujarat,2021,4,Samsung,3390165,0.18689715164411044
maharashtra,2020,1,Oppo,3377366,0.1290628120415509
west-bengal,2020,4,Samsung,3365601,0.21488832942059533
maharashtra,2019,3,Vivo,3365190,0.15789317368052042
gujarat,2021,2,Xiaomi,3362430,0.21367781265114644
rajasthan,2020,3,Xiaomi,3353468,0.2240213576859265
west-bengal,2021,4,Vivo,3353243,0.16242769814973237
karnataka,2021,3,Oppo,3352923,0.121420155216401
rajasthan,2020,3,Vivo,3346801,0.22357598281081448
tamil-nadu,2021,2,Samsung,3335419,0.1873352878158843
rajasthan,2022,1,Oppo,3333119,0.14244794094002114
tamil-nadu,2021,1,Vivo,3309321,0.1989658506952127
andhra-pradesh,2020,1,Xiaomi,3307542,0.25399529721104036
madhya-pradesh,2020,3,Xiaomi,3292397,0.2620453917408668
bihar,2022,1,Samsung,3283813,0.1776507306762181
uttar-pradesh,2019,1,Xiaomi,3280805,0.26333528137574336
telangana,2020,4,Samsung,3270596,0.2053388801979332
gujarat,2021,3,Samsung,3267319,0.1927990251352456
andhra-pradesh,2021,1,Vivo,3245151,0.17671521362241543
uttar-pradesh,2020,1,Vivo,3239764,0.1608920744750166
odisha,2022,1,Xiaomi,3238439,0.2670926208222022
maharashtra,2022,1,Realme,3235912,0.06709664148953619
telangana,2020,1,Xiaomi,3226261,0.26215143424074056
rajasthan,2020,4,Samsung,3222360,0.19733373244755778
tamil-nadu,2020,3,Xiaomi,3217633,0.23583717931775472
west-bengal,2020,1,Xiaomi,3213394,0.26865996333696796
gujarat,2021,1,Xiaomi,3197714,0.21797454227727833
madhya-pradesh,2021,1,Vivo,3171754,0.21373830674189778
gujarat,2020,4,Vivo,3159752,0.23224585476600385
delhi,2022,1,Xiaomi,3155264,0.2330466127348616
gujarat,2021,2,Samsung,3154317,0.20045251706900255
andhra-pradesh,2020,3,Samsung,3154020,0.2009902242517957
uttar-pradesh,2022,1,Others,3148503,0.08073148372556378
tamil-nadu,2021,1,Samsung,3143951,0.18902333296137322
bihar,2021,4,Samsung,3142992,0.18129876815162638
bihar,2020,2,Xiaomi,3138353,0.2959658581709689
karnataka,2019,2,Xiaomi,3131468,0.26165150704536155
karnataka,2019,4,Samsung,3116527,0.20256371358434508
uttar-pradesh,2019,3,Samsung,3115702,0.1941899854574188
uttar-pradesh,2021,4,Others,3107597,0.08486608440655198
odisha,2021,4,Xiaomi,3105043,0.2723904718167491
uttar-pradesh,2020,3,Oppo,3101714,0.12487718472689313
rajasthan,2021,4,Oppo,3095179,0.1408358989465538
west-bengal,2020,3,Samsung,3093948,0.21413826310878337
uttar-pradesh,2021,3,Others,3089717,0.0904698897706428
telangana,2021,1,Vivo,3089209,0.18013858361640506
karnataka,2020,1,Vivo,3081057,0.18105780226573692
rajasthan,2020,2,Xiaomi,3073847,0.22663138296040883
karnataka,2021,2,Oppo,3067347,0.11911553960399943
bihar,2022,1,Vivo,3062549,0.16568058765274424
uttar-pradesh,2021,2,Others,3054141,0.09649157172079496
west-bengal,2021,3,Vivo,3037405,0.15718890966636198
delhi,2021,4,Xiaomi,3028207,0.23685388498682883
bihar,2021,3,Samsung,3009544,0.1862252735342887
madhya-pradesh,2022,1,Samsung,3009068,0.15308534271747154
madhya-pradesh,2020,2,Xiaomi,3003291,0.26403897586717145
gujarat,2020,4,Xiaomi,2998305,0.2203792916577577
gujarat,2022,1,Oppo,2996365,0.15553159424237778
maharashtra,2019,4,Oppo,2994940,0.12612771278455687
telangana,2020,3,Samsung,2992702,0.2051076830036731
gujarat,2021,1,Samsung,2987011,0.20361181628569516
andhra-pradesh,2019,4,Xiaomi,2985953,0.25395328393725297
rajasthan,2020,3,Samsung,2973921,0.19866652076915245
uttar-pradesh,2021,1,Others,2972705,0.1008309286235789
tamil-nadu,2020,4,Vivo,2971084,0.1934603524277839
odisha,2021,3,Xiaomi,2958185,0.27769892297481624
maharashtra,2018,4,Samsung,2956289,0.2209219045671811
andhra-pradesh,2020,4,Vivo,2950572,0.1727848662772636
west-bengal,2019,4,Xiaomi,2944739,0.2705303912941943
telangana,2019,4,Xiaomi,2941413,0.26214187700204916
rajasthan,2020,2,Vivo,2941265,0.216856256867387
uttar-pradesh,2021,3,Realme,2937420,0.0860104869184076
madhya-pradesh,2021,4,Samsung,2921496,0.15829310439833286
tamil-nadu,2020,4,Samsung,2918795,0.19005558555882415
delhi,2021,3,Xiaomi,2897206,0.2418356634411127
tamil-nadu,2020,2,Xiaomi,2891155,0.23793975138727652
bihar,2021,2,Samsung,2889063,0.19296267319007432
andhra-pradesh,2020,2,Samsung,2888149,0.2016909601649479
maharashtra,2019,2,Vivo,2871247,0.15291318223515768
andhra-pradesh,2022,1,Realme,2864092,0.12004769395326531
rajasthan,2021,3,Oppo,2855694,0.13930578188260034
madhya-pradesh,2020,4,Vivo,2853943,0.20774159341275666
karnataka,2021,1,Oppo,2840533,0.11788482755025849
haryana,2022,1,Xiaomi,2837979,0.2205628077060459
maharashtra,2021,4,Realme,2837580,0.06238838290924427
gujarat,2020,3,Vivo,2833786,0.22728751804541714
madhya-pradesh,2021,3,Samsung,2829150,0.1643876640136133
west-bengal,2020,2,Samsung,2820007,0.21328107002090907
bihar,2021,4,Vivo,2818559,0.16258433831924482
telangana,2020,4,Vivo,2805410,0.17613295799789513
gujarat,2020,4,Samsung,2800655,0.20585176127103727
uttar-pradesh,2019,2,Samsung,2800147,0.19559085909403298
uttar-pradesh,2020,4,Others,2795688,0.10259731556973517
uttar-pradesh,2019,4,Vivo,2793452,0.15562803775160391
gujarat,2020,3,Xiaomi,2792901,0.22400828306603376
gujarat,2021,4,Oppo,2791203,0.15387684385877856
andhra-pradesh,2022,1,Oppo,2780974,0.11656382394280212
bihar,2020,1,Xiaomi,2779954,0.29728204855102547
odisha,2021,2,Xiaomi,2776465,0.28070537453686567
rajasthan,2020,1,Xiaomi,2776323,0.22865350694812484
uttar-pradesh,2020,2,Oppo,2771946,0.12320570967360119
karnataka,2019,3,Samsung,2769407,0.20310904047099118
haryana,2022,1,Vivo,2767906,0.2151168556308594
maharashtra,2018,3,Xiaomi,2766078,0.26507611427774114
madhya-pradesh,2021,2,Samsung,2757784,0.17300014083239157
bihar,2021,1,Samsung,2749873,0.1971759797302336
telangana,2020,2,Samsung,2745328,0.2052092095261609
haryana,2021,4,Xiaomi,2742821,0.2263718737823877
delhi,2021,2,Xiaomi,2731995,0.24430551157640923
rajasthan,2020,2,Samsung,2715434,0.20020598382343519
karnataka,2019,4,Vivo,2711261,0.1762227943657812
uttar-pradesh,2018,4,Xiaomi,2709697,0.26200990450169814
west-bengal,2021,2,Vivo,2703412,0.15035679407634459
madhya-pradesh,2020,1,Xiaomi,2697286,0.26570657303333706
karnataka,2019,1,Xiaomi,2696059,0.262615751496127
andhra-pradesh,2020,3,Vivo,2687996,0.17129280056180043
maharashtra,2021,3,Others,2680225,0.06294383272324039
andhra-pradesh,2019,3,Xiaomi,2656468,0.2539961733268201
telangana,2019,3,Xiaomi,2642719,0.2619002102658951
haryana,2021,3,Xiaomi,2638176,0.2329446119744262
maharashtra,2022,1,Others,2636427,0.05466631887156802
maharashtra,2021,4,Others,2629266,0.05780829226955964
maharashtra,2021,2,Others,2626651,0.06622138069023949
maharashtra,2019,3,Oppo,2622932,0.12306676824434722
andhra-pradesh,2020,1,Samsung,2622762,0.20140914724705614
madhya-pradesh,2021,1,Samsung,2620433,0.1765858614352158
odisha,2021,1,Xiaomi,2614110,0.28312655170161755
karnataka,2020,4,Oppo,2613131,0.11665668609299693
west-bengal,2019,3,Xiaomi,2610101,0.2706668995072394
tamil-nadu,2020,1,Xiaomi,2602334,0.23935300939041063
tamil-nadu,2022,1,Oppo,2599406,0.11997062817129443
uttar-pradesh,2020,3,Others,2598899,0.10463349957782628
gujarat,2020,2,Xiaomi,2596510,0.22791083765622014
madhya-pradesh,2022,1,Oppo,2595568,0.13204866650620795
rajasthan,2021,2,Oppo,2591657,0.13653964744190042
delhi,2022,1,Vivo,2586749,0.19105630858314565
rajasthan,2020,1,Vivo,2582003,0.21264962358507247
andhra-pradesh,2021,4,Oppo,2580845,0.1147601792856419
gujarat,2021,3,Oppo,2580826,0.15229022230265712
tamil-nadu,2020,3,Vivo,2577603,0.18892602758642224
bihar,2021,3,Vivo,2576928,0.1594557586392382
delhi,2021,1,Xiaomi,2575350,0.24603977564221985
tamil-nadu,2020,3,Samsung,2574986,0.1887342139463102
gujarat,2020,3,Samsung,2570866,0.20619967505215617
haryana,2021,4,Vivo,2569078,0.21203242966023267
bihar,2020,4,Samsung,2566835,0.19913640463767063
maharashtra,2021,1,Others,2559509,0.0690312573890763
madhya-pradesh,2020,3,Vivo,2556833,0.2035010677937611
telangana,2020,3,Vivo,2542381,0.17424450420474924
telangana,2022,1,Oppo,2540306,0.11468333245149163
west-bengal,2020,1,Samsung,2535508,0.21198442715726393
uttar-pradesh,2021,2,Realme,2533804,0.08005220793422346
andhra-pradesh,2021,4,Realme,2528884,0.11244967490592858
rajasthan,2019,4,Xiaomi,2527395,0.23133984699906116
telangana,2020,1,Samsung,2521157,0.20485785976276646
gujarat,2020,2,Vivo,2517289,0.2209571480998682
haryana,2021,2,Xiaomi,2505880,0.23796188515101807
bihar,2019,4,Xiaomi,2484241,0.29778942767883193
west-bengal,2022,1,Oppo,2480868,0.11317938445296025
madhya-pradesh,2020,4,Samsung,2466332,0.17952697007784352
madhya-pradesh,2019,4,Xiaomi,2450683,0.2673888226179759
odisha,2020,4,Xiaomi,2445630,0.28441688798756937
uttar-pradesh,2020,2,Others,2444584,0.10865532971303578
bihar,2022,1,Realme,2443092,0.13216863411808863
west-bengal,2021,1,Vivo,2441181,0.14523232742565367
rajasthan,2020,1,Samsung,2440121,0.20096444975161942
uttar-pradesh,2019,1,Samsung,2437713,0.19566412474021086
karnataka,2019,2,Samsung,2435855,0.20352918557493774
maharashtra,2020,4,Others,2433482,0.07067371645228039
uttar-pradesh,2020,1,Oppo,2429781,0.12066697006633209
uttar-pradesh,2019,3,Vivo,2426158,0.15121330176550912
maharashtra,2019,1,Vivo,2418126,0.14849293967601365
delhi,2020,4,Xiaomi,2416705,0.24791884831792635
delhi,2021,4,Vivo,2413197,0.1887503346662102
andhra-pradesh,2020,2,Vivo,2409399,0.16825793881495216
madhya-pradesh,2021,4,Oppo,2400977,0.13009023559128474
tamil-nadu,2021,4,Oppo,2390692,0.11700070405226959
rajasthan,2021,1,Oppo,2390404,0.13534862631339586
andhra-pradesh,2019,2,Xiaomi,2389374,0.25448644547243193
haryana,2021,1,Xiaomi,2382996,0.24247242927154872
andhra-pradesh,2021,3,Oppo,2382363,0.11312319746277974
andhra-pradesh,2019,4,Samsung,2379139,0.20234416348589282
gujarat,2020,1,Xiaomi,2375291,0.23151338670581997
maharashtra,2021,3,Realme,2373088,0.055730863681045094
telangana,2019,2,Xiaomi,2369395,0.2619271685286116
gujarat,2021,2,Oppo,2364362,0.15025196077702432
karnataka,2020,3,Oppo,2361292,0.11525497192197212
gujarat,2020,2,Samsung,2358840,0.20704915455630762
telangana,2021,4,Oppo,2358132,0.11273408402636453
haryana,2021,3,Vivo,2357220,0.20813687117097454
bihar,2020,3,Samsung,2346143,0.1994474638859298
bihar,2022,1,Oppo,2339620,0.1265709108602388
west-bengal,2019,2,Xiaomi,2332770,0.2708493584254589
karnataka,2019,3,Vivo,2325265,0.17053554894270842
tamil-nadu,2019,4,Xiaomi,2321854,0.2413445963735954
delhi,2022,1,Samsung,2320460,0.17138830316155382
west-bengal,2019,4,Samsung,2312247,0.2124239484989423
bihar,2021,2,Vivo,2311477,0.1543852733351171
west-bengal,2021,4,Oppo,2309956,0.11189193145476281
telangana,2019,4,Samsung,2304661,0.20539385675980204
maharashtra,2018,3,Samsung,2300594,0.22046830134605228
tamil-nadu,2020,2,Samsung,2285005,0.18805408966959009
telangana,2020,2,Vivo,2282799,0.17063585054212488
madhya-pradesh,2020,3,Samsung,2278237,0.18132731476293323
rajasthan,2019,3,Xiaomi,2275622,0.232270224543405
delhi,2020,3,Xiaomi,2264717,0.2504061730789346
odisha,2020,3,Xiaomi,2262871,0.2863757481723997
rajasthan,2019,4,Vivo,2262135,0.20705982436113912
haryana,2022,1,Samsung,2259241,0.17558429369795014
maharashtra,2020,3,Others,2259213,0.07192766726437305
maharashtra,2019,2,Oppo,2256129,0.12015401841883477
madhya-pradesh,2020,2,Vivo,2247524,0.19759455051038632
delhi,2021,4,Samsung,2238115,0.17505614140555664
haryana,2020,4,Xiaomi,2236661,0.24498270676930556
uttar-pradesh,2020,1,Others,2232340,0.11086172126536334
delhi,2021,3,Vivo,2220413,0.18534237847369892
tamil-nadu,2020,2,Vivo,2216953,0.18245346432732829
madhya-pradesh,2021,3,Oppo,2215661,0.12874090664548238
rajasthan,2019,4,Samsung,2211270,0.2024040023318927
west-bengal,2020,4,Vivo,2206769,0.14089872918006552
gujarat,2020,1,Vivo,2206536,0.21506527926401992
rajasthan,2020,4,Oppo,2201891,0.13484134903384024
bihar,2019,3,Xiaomi,2197280,0.29772372672254993
west-bengal,2022,1,Others,2196334,0.10019869262415734
gujarat,2019,4,Xiaomi,2194279,0.2353417314122709
karnataka,2018,4,Xiaomi,2192270,0.26362700795425387
gujarat,2021,1,Oppo,2188804,0.14920144516822828
west-bengal,2022,1,Realme,2186959,0.09977099686233265
odisha,2022,1,Vivo,2184386,0.18015883011146017
tamil-nadu,2021,3,Oppo,2182951,0.11412666828388954
madhya-pradesh,2019,3,Xiaomi,2182732,0.2668159943984987
maharashtra,2018,2,Xiaomi,2177364,0.2648097489154892
uttar-pradesh,2021,1,Realme,2177149,0.073846532172515
haryana,2021,4,Samsung,2176063,0.1795959192300642
andhra-pradesh,2021,2,Oppo,2173037,0.11075110959458802
telangana,2021,3,Oppo,2168812,0.11056748724132281
andhra-pradesh,2020,1,Vivo,2165012,0.16625725883615955
bihar,2021,4,Oppo,2164915,0.12487986690802211
bihar,2021,4,Realme,2149920,0.12401490287743162
delhi,2021,3,Samsung,2149622,0.17943331006411403
west-bengal,2021,3,Oppo,2144589,0.11098474078776903
gujarat,2020,1,Samsung,2139753,0.20855611533236912
andhra-pradesh,2021,3,Realme,2134616,0.10135927533932025
bihar,2020,2,Samsung,2126374,0.20053005691279335
maharashtra,2020,2,Others,2126159,0.07391457129660589
delhi,2020,2,Xiaomi,2125586,0.2533131676164583
uttar-pradesh,2019,4,Oppo,2124897,0.11838168349922243
andhra-pradesh,2019,3,Samsung,2123659,0.20305204483963724
haryana,2021,2,Vivo,2114734,0.2008181114949451
karnataka,2020,2,Oppo,2113499,0.1132917467285284
andhra-pradesh,2019,1,Xiaomi,2110547,0.2548040756637163
uttar-pradesh,2019,2,Vivo,2108136,0.14725374465235516
bihar,2021,1,Vivo,2104591,0.15090689364797286
west-bengal,2021,4,Others,2103615,0.10189698218806369
uttar-pradesh,2018,3,Xiaomi,2102198,0.25964335378707026
kerala,2022,1,Xiaomi,2098370,0.233872054419943
odisha,2020,2,Xiaomi,2091828,0.28819746731851675
haryana,2021,3,Samsung,2089070,0.18445986944669898
telangana,2019,1,Xiaomi,2087604,0.26214901251659933
madhya-pradesh,2020,2,Samsung,2084294,0.1832439324614532
karnataka,2019,1,Samsung,2083753,0.20297269459878628
telangana,2019,3,Samsung,2076152,0.20575197186835176
haryana,2020,3,Xiaomi,2075024,0.24706149057200444
telangana,2020,1,Vivo,2072065,0.16836666704585898
delhi,2021,2,Samsung,2070161,0.1851217671154343
uttar-pradesh,2019,4,Others,2066679,0.1151382581238006
west-bengal,2019,3,Samsung,2060536,0.21367712990533663
tamil-nadu,2019,3,Xiaomi,2046907,0.24284577880573058
rajasthan,2019,2,Xiaomi,2038775,0.2321026965705006
tamil-nadu,2020,1,Samsung,2037120,0.18736672636540633
uttar-pradesh,2018,4,Samsung,2031840,0.19646558429327352
west-bengal,2021,3,Others,2029381,0.10502260537782461
west-bengal,2019,1,Xiaomi,2022433,0.27148847058665604
odisha,2021,4,Vivo,2017533,0.17698845580427108
gujarat,2020,4,Oppo,2016643,0.14822586623661552
haryana,2021,2,Samsung,2016108,0.19145244798156685
delhi,2021,2,Vivo,2011494,0.17987553809684048
andhra-pradesh,2021,1,Oppo,2010506,0.10948242386229423
gujarat,2019,3,Xiaomi,2007322,0.23813629104863882
maharashtra,2021,2,Realme,2003392,0.05050818867972192
rajasthan,2020,3,Oppo,2001908,0.13373324216074753
madhya-pradesh,2021,2,Oppo,2001363,0.1255486582186051
telangana,2022,1,Realme,1999746,0.09027949205195775
delhi,2020,1,Xiaomi,1998766,0.25539428665033603
rajasthan,2019,3,Samsung,1996093,0.20373900820062335
bihar,2021,3,Oppo,1994060,0.12338891504619427
kerala,2021,4,Xiaomi,1989367,0.2347665335899672
rajasthan,2019,3,Vivo,1985897,0.20269831374018812
west-bengal,2020,3,Vivo,1985209,0.13740024304478443
tamil-nadu,2021,2,Oppo,1982731,0.11136096620738686
karnataka,2019,2,Vivo,1973047,0.16485901213786297
telangana,2021,2,Oppo,1971737,0.10770469899840934
west-bengal,2021,2,Oppo,1970103,0.10957204121317383
delhi,2021,1,Samsung,1963994,0.18763299866917738
gujarat,2019,4,Samsung,1961599,0.21038623848497806
madhya-pradesh,2020,1,Vivo,1956817,0.19276381485811128
bihar,2019,2,Xiaomi,1953040,0.2963750267650152
maharashtra,2020,1,Others,1952393,0.074608831494792
gujarat,2019,4,Vivo,1944394,0.20854096061058372
tamil-nadu,2020,1,Vivo,1937792,0.17823090609147887
uttar-pradesh,2020,4,Realme,1937082,0.07108783714007205
madhya-pradesh,2019,2,Xiaomi,1936039,0.2651682497001851
madhya-pradesh,2022,1,Realme,1935366,0.09846110735740835
west-bengal,2021,4,Realme,1930021,0.09348826446835037
west-bengal,2021,2,Others,1928653,0.10726669925476554
odisha,2020,1,Xiaomi,1927219,0.2896779934375174
haryana,2021,1,Vivo,1922898,0.1956569584260328
andhra-pradesh,2019,4,Vivo,1922141,0.1634767925484545
uttar-pradesh,2019,3,Others,1921740,0.11977482527306528
haryana,2020,2,Xiaomi,1914791,0.24922834906398358
andhra-pradesh,2019,2,Samsung,1914378,0.20389577040288517
haryana,2021,1,Samsung,1913165,0.19466661511278344
maharashtra,2019,1,Oppo,1907902,0.11716096538962228
maharashtra,2018,4,Vivo,1906545,0.14247509378921897
bihar,2020,4,Vivo,1900128,0.1474129261410912
bihar,2020,1,Samsung,1896957,0.20285632890803504
karnataka,2020,1,Oppo,1888027,0.11094959270093753
madhya-pradesh,2020,1,Samsung,1873824,0.1845882689146126
delhi,2019,4,Xiaomi,1872284,0.25683320294715295
jharkhand,2022,1,Xiaomi,1869656,0.2661327848376042
telangana,2019,2,Samsung,1863266,0.2059766259300927
odisha,2022,1,Samsung,1862470,0.15360857298924788
kerala,2021,3,Xiaomi,1859763,0.2339493736968397
uttar-pradesh,2019,3,Oppo,1858877,0.11585681095211618
rajasthan,2022,1,Realme,1857144,0.07936900507576075
andhra-pradesh,2020,4,Oppo,1856052,0.10869000879275194
telangana,2019,4,Vivo,1854821,0.16530363415229954
odisha,2021,3,Vivo,1849105,0.17358429813123505
madhya-pradesh,2021,1,Oppo,1846729,0.12444746013441085
delhi,2020,4,Samsung,1842707,0.18903498657361206
delhi,2021,1,Vivo,1839180,0.17570871321011042
bihar,2021,3,Realme,1835886,0.11360138696353039
west-bengal,2019,2,Samsung,1833729,0.21290754046740926
west-bengal,2021,1,Others,1830849,0.10892205921434363
west-bengal,2021,1,Oppo,1829470,0.1088400188496513
gujarat,2020,3,Oppo,1827108,0.14654559042952645
bihar,2021,2,Oppo,1826833,0.12201553900065282
kerala,2022,1,Samsung,1826034,0.20351907576865194
haryana,2022,1,Oppo,1825605,0.14188285556806302
tamil-nadu,2021,1,Oppo,1825392,0.1097477918075145
gujarat,2019,2,Xiaomi,1819154,0.24016359842606486
telangana,2021,1,Oppo,1818686,0.10605158798999526
delhi,2022,1,Oppo,1817979,0.1342752454226052
andhra-pradesh,2021,2,Realme,1817804,0.09264628721254192
maharashtra,2019,4,Others,1815066,0.07643896810387336
maharashtra,2018,2,Samsung,1813491,0.2205557253497805
karnataka,2022,1,Realme,1813184,0.0581142217351479
tamil-nadu,2019,2,Xiaomi,1811254,0.24378860314183426
rajasthan,2019,2,Samsung,1811211,0.20619585641287191
tamil-nadu,2019,4,Samsung,1803401,0.18745411487748082
odisha,2021,4,Samsung,1803261,0.15819140494954267
rajasthan,2020,2,Oppo,1799104,0.13264597346894733
haryana,2020,4,Samsung,1795147,0.19662343605436788
jharkhand,2021,4,Xiaomi,1792304,0.2717178203922382
uttar-pradesh,2019,1,Vivo,1788502,0.14355491332495524
rajasthan,2019,1,Xiaomi,1788113,0.2318549924249929
gujarat,2019,3,Samsung,1784247,0.21167205007201667
odisha,2019,4,Xiaomi,1777383,0.29063400319546756
uttar-pradesh,2019,2,Others,1774951,0.12398070206307488
telangana,2021,4,Realme,1759654,0.08412293370062764
andhra-pradesh,2018,4,Xiaomi,1753802,0.2557528652585838
haryana,2020,1,Xiaomi,1753322,0.24980473786717616
kerala,2021,4,Samsung,1752657,0.20683222777003496
west-bengal,2020,2,Vivo,1751321,0.13245485448443514
delhi,2019,3,Xiaomi,1749719,0.25798366509463033
odisha,2021,3,Samsung,1745741,0.1638810268772841
west-bengal,2020,4,Others,1745454,0.1114444921250308
rajasthan,2019,2,Vivo,1744564,0.19860848241704884
haryana,2020,4,Vivo,1744266,0.19105041220179075
kerala,2021,2,Xiaomi,1714598,0.23119994746552863
telangana,2018,4,Xiaomi,1714433,0.2625600737800434
bihar,2019,4,Samsung,1714305,0.20549612731492636
bihar,2020,3,Vivo,1712480,0.1455792732818831
madhya-pradesh,2019,4,Vivo,1711918,0.186783740874899
west-bengal,2018,4,Xiaomi,1710240,0.27236252320728593
uttar-pradesh,2020,3,Realme,1710132,0.06885111576095385
delhi,2020,3,Samsung,1707446,0.18878960090772248
gujarat,2019,3,Vivo,1706171,0.2024095953886557
madhya-pradesh,2019,4,Samsung,1704518,0.18597634257517068
madhya-pradesh,2020,4,Oppo,1703093,0.12396997892043113
jharkhand,2021,3,Xiaomi,1700564,0.27643163195159565
odisha,2022,1,Oppo,1698088,0.14005104752837144
delhi,2021,4,Oppo,1697646,0.1327828812337961
haryana,2021,4,Oppo,1697572,0.14010486084236465
maharashtra,2021,1,Realme,1696339,0.04575112419144778
andhra-pradesh,2020,3,Oppo,1695723,0.10806010933314555
bihar,2021,1,Oppo,1694257,0.12148444087774467
madhya-pradesh,2019,1,Xiaomi,1692888,0.26391980672246507
bihar,2019,1,Xiaomi,1691958,0.2945036628496861
west-bengal,2020,4,Oppo,1690166,0.1079144402986242
andhra-pradesh,2019,1,Samsung,1688342,0.2038317188455079
odisha,2021,2,Samsung,1688178,0.1706776918761435
karnataka,2018,3,Xiaomi,1687125,0.2647446925132704
madhya-pradesh,2021,4,Realme,1682298,0.0911506204160836
karnataka,2018,4,Samsung,1679503,0.20196524640678074
maharashtra,2019,3,Others,1679196,0.0787871073168633
kerala,2021,3,Samsung,1678905,0.21119829421624833
karnataka,2022,1,Others,1675132,0.05368952763957865
andhra-pradesh,2019,3,Vivo,1674109,0.16006866249922433
delhi,2020,4,Vivo,1673743,0.17170173312017437
telangana,2020,4,Oppo,1673541,0.1050704626634807
karnataka,2019,4,Oppo,1667783,0.10840025385078961
odisha,2021,2,Vivo,1666083,0.16844384947208224
tamil-nadu,2020,4,Oppo,1665487,0.10844718694721944
tamil-nadu,2019,4,Vivo,1661144,0.17266724272862108
haryana,2020,3,Samsung,1655037,0.19705598979665706
west-bengal,2021,3,Realme,1644196,0.08508887570732046
west-bengal,2020,3,Others,1643327,0.11373791333912776
gujarat,2020,2,Oppo,1638925,0.14385801310440577
uttar-pradesh,2018,2,Xiaomi,1635001,0.25378149721368265
telangana,2019,1,Samsung,1634479,0.2052482443169867
karnataka,2019,1,Vivo,1632251,0.158993116617739
telangana,2019,3,Vivo,1629927,0.16152993338227017
uttar-pradesh,2019,2,Oppo,1629815,0.11384292182315477
karnataka,2021,4,Others,1627217,0.05523545666502578
rajasthan,2021,4,Realme,1624796,0.07393097629079444
punjab,2022,1,Xiaomi,1619926,0.2218248363693229
gujarat,2019,2,Samsung,1612210,0.21284297811976666
gujarat,2019,1,Xiaomi,1611706,0.24226941425044524
karnataka,2021,3,Others,1609704,0.0582925732360873
uttar-pradesh,2019,1,Others,1609004,0.12914742603559082
maharashtra,2018,1,Xiaomi,1606618,0.26307836555922604
kerala,2021,2,Samsung,1605779,0.21652656800092449
odisha,2021,1,Samsung,1605021,0.17383509536273603
uttar-pradesh,2018,3,Samsung,1597902,0.19735754401015848
haryana,2019,4,Xiaomi,1597800,0.2509628646269115
delhi,2019,2,Xiaomi,1597465,0.25909958205794614
jharkhand,2021,2,Xiaomi,1595475,0.2798341069012855
rajasthan,2019,1,Samsung,1592757,0.20652423094617312
rajasthan,2020,1,Oppo,1591219,0.13105024331552498
kerala,2021,1,Xiaomi,1589645,0.22915641659445665
karnataka,2021,4,Realme,1586292,0.05384626821381357
delhi,2020,2,Samsung,1585854,0.18899150639740325
tamil-nadu,2019,3,Samsung,1578951,0.1873273115442407
karnataka,2021,2,Others,1577943,0.06127690538740927
bihar,2021,2,Realme,1575376,0.10522053836814445
odisha,2021,4,Oppo,1574160,0.1380934773254521
haryana,2020,3,Vivo,1573430,0.18733950118683396
delhi,2021,3,Oppo,1566918,0.13079382483945615
west-bengal,2019,1,Samsung,1565366,0.21013245988784368
bihar,2020,4,Oppo,1561641,0.12115292727221524
haryana,2021,3,Oppo,1560205,0.13776235866203
odisha,2019,3,Xiaomi,1558315,0.2892620278886526
west-bengal,2020,2,Others,1555370,0.11763480653715445
punjab,2021,4,Xiaomi,1548508,0.22507046769503306
west-bengal,2020,3,Oppo,1540143,0.10659634452781719
tamil-nadu,2019,1,Xiaomi,1539941,0.24457860430160366
madhya-pradesh,2020,3,Oppo,1539499,0.12253036876770106
bihar,2019,3,Samsung,1536292,0.208162173038502
west-bengal,2020,1,Vivo,1536003,0.12841951832407505
karnataka,2021,1,Others,1535952,0.06374347231504603
tamil-nadu,2022,1,Others,1535273,0.07085759832224274
andhra-pradesh,2020,2,Oppo,1535129,0.1072041788657913
madhya-pradesh,2019,3,Samsung,1532795,0.18736804249630593
andhra-pradesh,2021,1,Realme,1531645,0.0834059719774841
chhattisgarh,2022,1,Vivo,1531319,0.2588016044046936
odisha,2021,1,Vivo,1523937,0.16505312623436194
punjab,2022,1,Vivo,1523181,0.20857704369573773
haryana,2020,2,Samsung,1520490,0.19790630542356652
telangana,2020,3,Oppo,1520230,0.10419041151864569
kerala,2021,1,Samsung,1517006,0.21868508938303227
delhi,2020,3,Vivo,1516602,0.16768828198130642
maharashtra,2018,4,Oppo,1510894,0.1129083049996555
maharashtra,2022,1,Apple,1510802,0.03132648235047005
odisha,2020,4,Samsung,1510338,0.17564620722242102
tamil-nadu,2021,4,Others,1508896,0.07384552018480564
maharashtra,2019,2,Others,1507640,0.08029195330983825
bihar,2020,2,Vivo,1506720,0.14209289962708535
maharashtra,2020,4,Realme,1504255,0.04368690269413336
rajasthan,2019,1,Vivo,1503951,0.19500923471422696
jharkhand,2021,1,Xiaomi,1499838,0.28229327453972286
tamil-nadu,2021,3,Others,1498256,0.07833018950784841
madhya-pradesh,2019,3,Vivo,1494051,0.18263199662032323
rajasthan,2021,1,Others,1493064,0.08453975202433735
rajasthan,2021,2,Others,1489818,0.07849002567569596
uttar-pradesh,2020,2,Realme,1489668,0.0662118248761174
gujarat,2019,2,Vivo,1487567,0.19638768549549188
delhi,2020,1,Samsung,1484289,0.18965648321911652
telangana,2021,3,Realme,1483670,0.07563848954880986
rajasthan,2018,4,Xiaomi,1482976,0.2332186040689206
rajasthan,2021,3,Others,1477499,0.07207500293300337
punjab,2022,1,Samsung,1477258,0.20228857004904743
punjab,2021,3,Xiaomi,1468863,0.22826643368575736
tamil-nadu,2022,1,Realme,1468106,0.0677576334909
tamil-nadu,2021,2,Others,1467943,0.08244766981369137
kerala,2020,4,Xiaomi,1466789,0.22964618597065461
andhra-pradesh,2019,2,Vivo,1466695,0.15621413690037164
rajasthan,2022,1,Others,1464475,0.06258745886604632
karnataka,2020,4,Others,1463101,0.0653164782321858
odisha,2021,3,Oppo,1456997,0.13677525160784004
tamil-nadu,2020,3,Oppo,1456520,0.10675598131293908
rajasthan,2021,4,Others,1454977,0.06620392350218195
haryana,2019,3,Xiaomi,1453801,0.2513594981250925
west-bengal,2020,1,Others,1441068,0.12048235480805583
rajasthan,2020,4,Others,1439784,0.0881707663446277
tamil-nadu,2021,1,Others,1435326,0.08629590741271603
karnataka,2019,3,Oppo,1434039,0.10517279882948939
delhi,2021,2,Oppo,1432860,0.12813185797096033
uttar-pradesh,2018,4,Vivo,1430827,0.13835157422710037
gujarat,2020,1,Oppo,1429059,0.13928663430814683
delhi,2019,1,Xiaomi,1428603,0.25978081062862424
punjab,2021,4,Samsung,1427734,0.2075163700310882
odisha,2022,1,Realme,1424358,0.11747496593546158
punjab,2021,4,Vivo,1424349,0.20702437158280915
telangana,2019,2,Vivo,1423728,0.15738745282863478
madhya-pradesh,2022,1,Others,1423544,0.07242233180287062
chhattisgarh,2021,4,Vivo,1423389,0.2557530966326181
gujarat,2019,1,Samsung,1419211,0.21333383239113626
west-bengal,2021,2,Realme,1419072,0.0789251199904071
bihar,2020,3,Oppo,1419010,0.12063115749072979
madhya-pradesh,2021,3,Others,1418521,0.0824231142018821
madhya-pradesh,2021,2,Others,1416988,0.08888989259412952
madhya-pradesh,2018,4,Xiaomi,1416415,0.26398850271794944
haryana,2021,2,Oppo,1416092,0.13447408569735003
madhya-pradesh,2021,1,Others,1412501,0.09518568338251875
rajasthan,2019,4,Oppo,1410408,0.12909876411334667
madhya-pradesh,2021,4,Others,1408594,0.07632073331500891
tamil-nadu,2019,3,Vivo,1404873,0.16667463534403035
madhya-pradesh,2021,3,Realme,1404072,0.08158355555093298
haryana,2020,1,Samsung,1400065,0.19947440933382915
bihar,2018,4,Xiaomi,1399341,0.2929535565085682
maharashtra,2018,3,Vivo,1399253,0.13409186152070626
kerala,2020,4,Samsung,1399186,0.21906199757670416
haryana,2020,2,Vivo,1398622,0.18204402048294924
tamil-nadu,2019,2,Samsung,1396893,0.18801702754478736
maharashtra,2022,1,OnePlus,1396866,0.028964019173241564
jharkhand,2020,4,Xiaomi,1396020,0.2838628709837334
delhi,2019,4,Samsung,1394404,0.19127933877676775
odisha,2020,3,Samsung,1391798,0.17613783267134958
odisha,2019,2,Xiaomi,1391200,0.2871201081282109
uttar-pradesh,2018,4,Others,1389679,0.13437283285843965
andhra-pradesh,2018,4,Samsung,1388061,0.20241770616277957
andhra-pradesh,2020,1,Oppo,1387060,0.10651617332434346
madhya-pradesh,2019,2,Samsung,1385430,0.18975446681710828
andhra-pradesh,2018,3,Xiaomi,1385112,0.25519707820209125
odisha,2020,4,Vivo,1383491,0.16089441361890813
uttar-pradesh,2019,1,Oppo,1383225,0.11102517357202352
west-bengal,2020,2,Oppo,1382437,0.10455564209468113
maharashtra,2021,4,Apple,1382079,0.030387045955647212
bihar,2019,2,Samsung,1380854,0.20954544771667674
punjab,2021,2,Xiaomi,1380642,0.23100994085549048
telangana,2020,2,Oppo,1377106,0.10293663769638212
madhya-pradesh,2020,2,Oppo,1376782,0.1210419201044308
punjab,2021,3,Samsung,1373929,0.2135133589500443
tamil-nadu,2020,4,Others,1364925,0.08887627261211495
delhi,2020,2,Vivo,1364186,0.16257459207862007
gujarat,2018,4,Xiaomi,1363826,0.24445531847773094
rajasthan,2021,3,Realme,1363093,0.06649407679663835
andhra-pradesh,2020,4,Realme,1361491,0.07972862223755187
rajasthan,2020,3,Others,1358651,0.09076181482612677
madhya-pradesh,2020,4,Others,1355238,0.09864923776456555
maharashtra,2018,1,Samsung,1354403,0.2217789963441916
karnataka,2020,3,Others,1352532,0.06601726414334559
west-bengal,2019,4,Others,1350290,0.12404986725840138
bihar,2021,1,Realme,1349413,0.09675786130330881
telangana,2018,3,Xiaomi,1348603,0.2624506641139118
west-bengal,2019,4,Vivo,1347847,0.12382543115525889
maharashtra,2019,1,Others,1344550,0.08256649241660036
odisha,2021,2,Oppo,1331944,0.13466182335528487
kerala,2022,1,Vivo,1330622,0.14830335012241566
telangana,2018,4,Samsung,1327932,0.2033686495155428
karnataka,2018,2,Xiaomi,1325344,0.26345304249040635
west-bengal,2018,3,Xiaomi,1324033,0.2728985889598371
delhi,2021,1,Oppo,1318743,0.12598801399799947
punjab,2021,2,Samsung,1317948,0.22051993893464925
rajasthan,2018,4,Samsung,1317264,0.2071580870292187
maharashtra,2020,3,Realme,1316605,0.041917396172299774
karnataka,2021,3,Realme,1315961,0.04765519186653862
punjab,2021,3,Vivo,1315799,0.20447975418897874
andhra-pradesh,2022,1,Others,1309987,0.0549077747707672
chhattisgarh,2021,3,Vivo,1306833,0.25102034465828826
delhi,2019,3,Samsung,1305636,0.19250677426460636
punjab,2021,1,Xiaomi,1304479,0.23424874079173938
madhya-pradesh,2019,2,Vivo,1303162,0.17848668679494195
west-bengal,2018,4,Samsung,1302124,0.20736842675224762
haryana,2019,2,Xiaomi,1301537,0.2513575626251683
chhattisgarh,2022,1,Xiaomi,1301387,0.21994179106470366
haryana,2021,1,Oppo,1300515,0.13232881270219848
kerala,2020,3,Xiaomi,1299988,0.2328767712233309
bihar,2020,1,Vivo,1297671,0.13877002757069282
jharkhand,2022,1,Vivo,1293214,0.1840801961489052
tamil-nadu,2021,4,Realme,1288203,0.06304478283369244
uttar-pradesh,2020,1,Realme,1288049,0.06396665795269985
andhra-pradesh,2021,3,Others,1286102,0.061068766809791765
haryana,2019,4,Samsung,1285177,0.20185987074265876
odisha,2020,2,Samsung,1283975,0.17689711730615162
karnataka,2018,3,Samsung,1283960,0.20147979278318953
andhra-pradesh,2021,4,Others,1283514,0.05707289541046881
jharkhand,2020,3,Xiaomi,1282150,0.286192471607872
rajasthan,2020,2,Others,1281070,0.09445189229297715
uttar-pradesh,2018,2,Samsung,1274460,0.19781906368188765
gujarat,2022,1,Realme,1272108,0.06603100266105187
andhra-pradesh,2021,2,Others,1271853,0.06482132195227489
gujarat,2019,1,Vivo,1271697,0.19115973216830393
tamil-nadu,2018,4,Xiaomi,1270630,0.24435765608346965
tamil-nadu,2020,2,Oppo,1270624,0.10457134213375167
andhra-pradesh,2021,1,Others,1267571,0.06902578032473027
bihar,2020,2,Oppo,1266996,0.11948546210040262
maharashtra,2021,4,OnePlus,1264294,0.02779736894884376
andhra-pradesh,2019,1,Vivo,1262871,0.15246506135021543
gujarat,2019,4,Oppo,1262789,0.13543717534022345
madhya-pradesh,2020,3,Others,1260061,0.10028960005806964
telangana,2021,2,Realme,1259720,0.06881128843363807
karnataka,2018,4,Vivo,1259198,0.15142231621195407
karnataka,2020,2,Others,1255801,0.06731580607960197
odisha,2020,3,Vivo,1253856,0.15868069814870242
odisha,2021,4,Realme,1250982,0.10974262746579047
telangana,2020,1,Oppo,1250747,0.10163006648324593
haryana,2020,1,Vivo,1250165,0.17811739093886822
punjab,2021,1,Samsung,1249727,0.22441677948317917
tamil-nadu,2020,3,Others,1245765,0.09130864324575945
rajasthan,2019,3,Oppo,1244255,0.12699973380432006
chhattisgarh,2021,4,Xiaomi,1243356,0.2234049491858835
andhra-pradesh,2019,4,Oppo,1241235,0.10556619758846043
delhi,2020,1,Vivo,1238728,0.15827968552286634
odisha,2021,1,Oppo,1237047,0.1339809156473258
odisha,2019,1,Xiaomi,1230535,0.2847970164397613
west-bengal,2019,3,Others,1228035,0.12734695934616044
kerala,2021,4,Vivo,1227761,0.1448888988542344
west-bengal,2021,1,Realme,1227019,0.07299861221494766
karnataka,2019,2,Oppo,1222575,0.10215291717047177
west-bengal,2020,1,Oppo,1220788,0.10206556037703764
maharashtra,2021,3,Apple,1219480,0.028638918422646303
telangana,2019,1,Vivo,1219194,0.15309920040686012
punjab,2020,4,Xiaomi,1219022,0.23634222512092207
karnataka,2022,1,Apple,1215812,0.03896789744242925
madhya-pradesh,2019,1,Samsung,1214286,0.1893061599029559
andhra-pradesh,2020,4,Others,1212259,0.07098962818341979
delhi,2020,4,Oppo,1209582,0.12408555300961185
andhra-pradesh,2020,3,Realme,1207622,0.07695582671999607
bihar,2019,1,Samsung,1207394,0.2101600367755783
delhi,2018,4,Xiaomi,1206379,0.260539406299315
madhya-pradesh,2020,1,Oppo,1206327,0.11883389938166973
rajasthan,2018,3,Xiaomi,1205544,0.23293497206911162
bihar,2022,1,Others,1205491,0.0652157589282961
kerala,2020,3,Samsung,1205428,0.21593751679415293
jharkhand,2021,4,Vivo,1201048,0.182081915091668
rajasthan,2018,4,Vivo,1200927,0.1888624755415304
madhya-pradesh,2021,2,Realme,1196164,0.0750372547156111
tamil-nadu,2019,2,Vivo,1196063,0.16098599535991734
haryana,2020,4,Oppo,1196039,0.13100280803467912
bihar,2020,4,Realme,1195635,0.09275798995999406
gujarat,2018,4,Samsung,1194869,0.2141710760274169
delhi,2019,2,Samsung,1188974,0.1928447048778937
punjab,2021,2,Vivo,1187613,0.19871219975142843
bihar,2021,4,Others,1185884,0.06840593560872038
tamil-nadu,2019,1,Samsung,1181910,0.18771491778588165
odisha,2020,1,Samsung,1180711,0.1774712647133536
madhya-pradesh,2020,2,Others,1179417,0.10369027070647892
haryana,2019,3,Samsung,1177753,0.20363131060944523
chhattisgarh,2021,3,Xiaomi,1175329,0.22576066771108572
jharkhand,2020,2,Xiaomi,1173662,0.2890056352629317
punjab,2020,4,Samsung,1169264,0.22669521593030298
chhattisgarh,2021,2,Vivo,1169224,0.2417222876316271
rajasthan,2020,1,Others,1166263,0.09605154910788151
uttar-pradesh,2018,1,Xiaomi,1164619,0.24809479682590402
bihar,2021,3,Others,1163194,0.07197639271047154
rajasthan,2021,2,Realme,1162747,0.06125851740570892
maharashtra,2020,2,Realme,1160245,0.040335182728116994
west-bengal,2019,3,Vivo,1158257,0.12011099609653288
karnataka,2020,1,Others,1156444,0.0679582393585701
uttar-pradesh,2018,3,Others,1147606,0.14174129680751507
bihar,2021,2,Others,1146472,0.07657372021917518
odisha,2020,4,Oppo,1143995,0.1330419964480888
tamil-nadu,2020,2,Others,1143703,0.09412584502763854
maharashtra,2018,4,Others,1138388,0.08507112974963685
haryana,2019,1,Xiaomi,1136307,0.25035587858993424
west-bengal,2019,2,Others,1134253,0.13169395068615938
madhya-pradesh,2018,3,Xiaomi,1132909,0.26289806555993084
maharashtra,2021,2,Apple,1131848,0.028535400131759484
jharkhand,2022,1,Samsung,1130720,0.16095028308500378
bihar,2019,4,Vivo,1129443,0.13538790502445736
andhra-pradesh,2020,3,Others,1129155,0.07195550968764826
maharashtra,2018,3,Oppo,1125654,0.10787258650739294
telangana,2019,4,Oppo,1125257,0.10028410906244545
punjab,2020,3,Xiaomi,1124885,0.23963126670533824
kerala,2020,2,Xiaomi,1124154,0.23772279229342308
odisha,2020,2,Vivo,1122838,0.1546967856864851
karnataka,2021,4,Apple,1120969,0.03805100034128041
punjab,2022,1,Oppo,1119920,0.15335643155720208
bihar,2021,1,Others,1119501,0.08027232766166882
madhya-pradesh,2019,1,Vivo,1118407,0.17435870493325722
gujarat,2021,4,Realme,1116664,0.061560815164901694
kerala,2021,3,Vivo,1115818,0.14036461756667934
delhi,2019,4,Vivo,1114120,0.15283098507891005
andhra-pradesh,2018,2,Xiaomi,1113800,0.25299031922481113
gujarat,2019,3,Oppo,1111618,0.13187549759475847
karnataka,2022,1,OnePlus,1110711,0.03559931332819386
tamil-nadu,2020,1,Oppo,1109430,0.10204124805194231
karnataka,2021,2,Realme,1108812,0.043058949541538605
telangana,2018,2,Xiaomi,1108404,0.2601817087097414
maharashtra,2021,3,OnePlus,1108387,0.02602995118716311
uttar-pradesh,2018,4,Oppo,1108153,0.10715111752467907
jharkhand,2021,3,Vivo,1106458,0.17985797101779094
delhi,2020,3,Oppo,1106202,0.12231100374672137
bihar,2020,1,Oppo,1103628,0.11801950416383548
andhra-pradesh,2018,3,Samsung,1103186,0.2032542089834268
haryana,2019,4,Vivo,1103105,0.1732622298061517
chhattisgarh,2021,2,Xiaomi,1101581,0.22773795212169387
rajasthan,2019,2,Oppo,1100301,0.12526288047441153
bihar,2018,3,Xiaomi,1098938,0.2903759642862333
west-bengal,2020,4,Realme,1095750,0.06996191377487032
assam,2022,1,Xiaomi,1094829,0.24369667467912154
haryana,2020,3,Oppo,1092131,0.13003392382926354
odisha,2019,4,Samsung,1091395,0.17846265994302707
jharkhand,2021,4,Samsung,1090678,0.16534954388862913
gujarat,2018,3,Xiaomi,1090580,0.24600383065621248
uttar-pradesh,2019,4,Realme,1090479,0.060752469338771986
andhra-pradesh,2019,3,Oppo,1087660,0.10399578608914135
tamil-nadu,2021,3,Realme,1086229,0.05678904233917346
west-bengal,2019,4,Oppo,1085985,0.0997684164843219
punjab,2021,1,Vivo,1083200,0.19451308608694512
rajasthan,2018,3,Samsung,1072593,0.20724620627411747
andhra-pradesh,2020,2,Realme,1072165,0.07487355683700922
bihar,2020,4,Others,1071943,0.08316189977015218
madhya-pradesh,2019,4,Oppo,1069906,0.11673517368501275
madhya-pradesh,2020,1,Others,1068862,0.10529237873386757
karnataka,2019,4,Others,1066738,0.06933436183980986
uttar-pradesh,2018,3,Vivo,1066448,0.13171743830006188
telangana,2021,1,Realme,1065087,0.06210756980451825
punjab,2020,3,Samsung,1063448,0.22654350561635947
jharkhand,2020,1,Xiaomi,1062496,0.2909837423690082
delhi,2019,1,Samsung,1061515,0.19302859310420323
rajasthan,2019,4,Others,1060531,0.0970735002948733
haryana,2019,2,Samsung,1060392,0.2047867625332414
chhattisgarh,2021,1,Vivo,1059097,0.23459630869160633
bihar,2020,3,Realme,1055287,0.08971077884928208
maharashtra,2021,1,Apple,1054581,0.02844258506167764
andhra-pradesh,2020,2,Others,1053205,0.07354950444056865
jharkhand,2021,3,Samsung,1050011,0.17068234673739235
haryana,2022,1,Realme,1043668,0.08111206756390851
telangana,2018,3,Samsung,1041937,0.20277061345322303
punjab,2021,4,Oppo,1041175,0.15133131001091119
assam,2021,4,Xiaomi,1040847,0.2472560873491035
odisha,2020,3,Oppo,1040287,0.1316526518475959
odisha,2021,3,Realme,1038215,0.09746218959135376
chhattisgarh,2021,1,Xiaomi,1035868,0.22945094650608666
tamil-nadu,2020,1,Others,1032733,0.09498694304681372
kerala,2022,1,Oppo,1032233,0.11504665638093425
west-bengal,2018,2,Xiaomi,1032175,0.26923061874722043
maharashtra,2020,1,Realme,1031169,0.039405137266755805
maharashtra,2018,2,Vivo,1030036,0.12527238189568435
odisha,2018,4,Xiaomi,1029813,0.28417171393006063
gujarat,2018,4,Vivo,1025717,0.18385188132725344
punjab,2020,2,Xiaomi,1025347,0.24265805478713548
west-bengal,2019,1,Others,1022162,0.13721354332716953
karnataka,2018,2,Samsung,1021480,0.2030506901175093
karnataka,2021,4,OnePlus,1018047,0.03455733989471564
madhya-pradesh,2021,1,Realme,1015817,0.06845392345674803
madhya-pradesh,2018,4,Samsung,1015220,0.18921460710972182
karnataka,2019,1,Oppo,1014741,0.09884315227854115
telangana,2022,1,Others,1014180,0.04578564240121221
telangana,2021,3,Others,1012502,0.05161802957878038
andhra-pradesh,2018,4,Vivo,1011185,0.1474587559237024
jharkhand,2021,2,Samsung,1010689,0.17726711710929557
kerala,2020,2,Samsung,1009812,0.2135430984824198
telangana,2021,1,Others,1009768,0.05888179702350023
telangana,2021,2,Others,1009352,0.055135118600220245
bihar,2018,4,Samsung,1008369,0.21110314413926873
odisha,2020,1,Vivo,1006170,0.1512362148033134
telangana,2021,4,Others,1003196,0.04795930938510346
delhi,2020,2,Oppo,1002444,0.11946459235152701
delhi,2019,3,Vivo,1001823,0.147711700745147
karnataka,2021,3,Apple,999896,0.03620945888714369
kerala,2021,2,Vivo,999633,0.13479258525019205
bihar,2020,3,Others,999169,0.08494014347950683
west-bengal,2019,2,Vivo,998435,0.11592462144983133
jharkhand,2021,2,Vivo,997874,0.1750194641658524
telangana,2019,3,Oppo,994066,0.09851448240171479
madhya-pradesh,2019,4,Others,993220,0.10836812692650417
kerala,2020,1,Xiaomi,990472,0.2428629856048428
rajasthan,2021,1,Realme,987022,0.05588681739199759
haryana,2020,2,Oppo,984512,0.12814364617009408
maharashtra,2020,4,Apple,983306,0.02855738790335249
tamil-nadu,2019,1,Vivo,982792,0.15609032792735675
west-bengal,2018,3,Samsung,980572,0.2021072852213845
rajasthan,2019,3,Others,980203,0.10004823776010216
punjab,2020,4,Vivo,979161,0.18983832079456087
tamil-nadu,2018,4,Samsung,978019,0.1880849896862965
haryana,2019,3,Vivo,977699,0.16904234483082953
bihar,2019,4,Oppo,977488,0.11717284759527198
assam,2021,3,Xiaomi,977013,0.24933469100263367
